party,point_estimate
A: Socialdemokratiet,0.26683730161537317
Other - Left,0.1318276606192687
V: Venstre,0.11085047066356243
Other - Right,0.10786819253599461
F: SF - Socialistisk Folkeparti,0.09541263220769546
M: Moderaterne,0.08449859121107778
I: Liberal Alliance,0.07841722442149601
Æ: Danmarksdemokraterne,0.058845161523817864
Did not vote,0.04386639708126746
Other,0.02157636812045079
